Workbook

Sheet Holt
E16: Alfa | F16: 1 | G16: ← células de entrada (variáveis do Solver)
E17: Beta | F17: 0.0233 | J17: ERROS
A19: Datas | C19: Preço (US$) | E19: L | F19: T | G19: L+T (previsão) | H19: Erro (e) | I19: Erro % (PE) | J19: MAD | K19: MAPE | L19: MSE | M19: RMSE | N19: MPE
A20: 40028 | B20: 1 | C20: 452.21 | E20: =C20 | F20: 0 | J20: =SUMPRODUCT(ABS(H21:H103))/COUNT(H21:H103) | K20: =SUMPRODUCT(ABS(I21:I103))/COUNT(I21:I103) | L20: =SUMSQ(H21:H103)/COUNT(H21:H103) | M20: =SQRT(L20) | N20: =AVERAGE(I21:I103)
A21: 40029 | B21: 2 | C21: 453.73 | E21: =$F$16*C21+(1-$F$16)*(E20+F20) | F21: =$F$17*(E21-E20)+(1-$F$17)*F20 | G21: =E20+F20 | H21: =C21-G21 | I21: =H21/C21
A22: 40030 | B22: 3 | C22: 451.14 | E22: =$F$16*C22+(1-$F$16)*(E21+F21) | F22: =$F$17*(E22-E21)+(1-$F$17)*F21 | G22: =E21+F21 | H22: =C22-G22 | I22: =H22/C22
A23: 40031 | B23: 4 | C23: 450.36 | E23: =$F$16*C23+(1-$F$16)*(E22+F22) | F23: =$F$17*(E23-E22)+(1-$F$17)*F22 | G23: =E22+F22 | H23: =C23-G23 | I23: =H23/C23
A24: 40032 | B24: 5 | C24: 457.1 | E24: =$F$16*C24+(1-$F$16)*(E23+F23) | F24: =$F$17*(E24-E23)+(1-$F$17)*F23 | G24: =E23+F23 | H24: =C24-G24 | I24: =H24/C24
A25: 40035 | B25: 6 | C25: 456.61 | E25: =$F$16*C25+(1-$F$16)*(E24+F24) | F25: =$F$17*(E25-E24)+(1-$F$17)*F24 | G25: =E24+F24 | H25: =C25-G25 | I25: =H25/C25
A26: 40036 | B26: 7 | C26: 453.94 | E26: =$F$16*C26+(1-$F$16)*(E25+F25) | F26: =$F$17*(E26-E25)+(1-$F$17)*F25 | G26: =E25+F25 | H26: =C26-G26 | I26: =H26/C26
A27: 40037 | B27: 8 | C27: 458.58 | E27: =$F$16*C27+(1-$F$16)*(E26+F26) | F27: =$F$17*(E27-E26)+(1-$F$17)*F26 | G27: =E26+F26 | H27: =C27-G27 | I27: =H27/C27
A28: 40038 | B28: 9 | C28: 462.28 | E28: =$F$16*C28+(1-$F$16)*(E27+F27) | F28: =$F$17*(E28-E27)+(1-$F$17)*F27 | G28: =E27+F27 | H28: =C28-G28 | I28: =H28/C28
A29: 40039 | B29: 10 | C29: 460 | E29: =$F$16*C29+(1-$F$16)*(E28+F28) | F29: =$F$17*(E29-E28)+(1-$F$17)*F28 | G29: =E28+F28 | H29: =C29-G29 | I29: =H29/C29
A30: 40042 | B30: 11 | C30: 444.89 | E30: =$F$16*C30+(1-$F$16)*(E29+F29) | F30: =$F$17*(E30-E29)+(1-$F$17)*F29 | G30: =E29+F29 | H30: =C30-G30 | I30: =H30/C30
A31: 40043 | B31: 12 | C31: 445.28 | E31: =$F$16*C31+(1-$F$16)*(E30+F30) | F31: =$F$17*(E31-E30)+(1-$F$17)*F30 | G31: =E30+F30 | H31: =C31-G31 | I31: =H31/C31
A32: 40044 | B32: 13 | C32: 443.97 | E32: =$F$16*C32+(1-$F$16)*(E31+F31) | F32: =$F$17*(E32-E31)+(1-$F$17)*F31 | G32: =E31+F31 | H32: =C32-G32 | I32: =H32/C32
... A103: 40147 | B103: 84 | C103: 583 | E103: =$F$16*C103+(1-$F$16)*(E102+F102) | F103: =$F$17*(E103-E102)+(1-$F$17)*F102 | G103: =E102+F102 | H103: =C103-G103 | I103: =H103/C103
A104: 40148 | B104: 85 | G104: =$E$103+(B104-$B$103)*$F$103
A105: 40149 | B105: 86 | G105: =$E$103+(B105-$B$103)*$F$103
A106: 40150 | B106: 87 | G106: =$E$103+(B106-$B$103)*$F$103
A107: 40151 | B107: 88 | G107: =$E$103+(B107-$B$103)*$F$103
A108: 40154 | B108: 89 | G108: =$E$103+(B108-$B$103)*$F$103
A109: 40155 | B109: 90 | G109: =$E$103+(B109-$B$103)*$F$103
A110: 40156 | B110: 91 | G110: =$E$103+(B110-$B$103)*$F$103
A111: 40157 | B111: 92 | G111: =$E$103+(B111-$B$103)*$F$103
A112: 40158 | B112: 93 | G112: =$E$103+(B112-$B$103)*$F$103
A113: 40161 | B113: 94 | G113: =$E$103+(B113-$B$103)*$F$103
A114: 40162 | B114: 95 | G114: =$E$103+(B114-$B$103)*$F$103
A115: 40163 | B115: 96 | G115: =$E$103+(B115-$B$103)*$F$103
... A124: 40177 | B124: 105 | G124: =$E$103+(B124-$B$103)*$F$103
A127: Modelo de Holt (suavização exponencial com tendência)
A128: Nível: L(t) = α·Y(t) + (1−α)·[L(t−1) + T(t−1)]
A129: Tendência: T(t) = β·[L(t) − L(t−1)] + (1−β)·T(t−1)
A130: Previsão: F(t+m) = L(t) + m·T(t) → coluna G
A132: Inicialização: L(1) = Y(1) = preço de 03-ago-2009 e T(1) = 0. Como não há previsão para t = 1, os erros são medidos de t = 2 a t = 84 (83 erros).
A133: Coluna G: para t ≤ 84 traz a previsão de 1 passo à frente, L(t−1)+T(t−1), alinhada à data que ela prevê; de 01-dez a 30-dez traz L(84) + m·T(84), com m = 1..21 pregões.
A134: Células amarelas F16 e F17 são as únicas entradas: alterá-las recalcula todo o modelo, os erros e o gráfico.
A135: Otimização (item c): Solver → Definir objetivo L20 (MSE) → Mín. → Células variáveis F16:F17 → Restrições 0 ≤ α ≤ 1 e 0 ≤ β ≤ 1 → Método GRG Não Linear.
A136: Fonte dos dados: série de preços de fechamento da GOOG fornecida no próprio enunciado do exercício.

Sheet Respostas
B2: Exercício 3 — Método de Holt
B3: Preço de fechamento das ações da Google Inc. (GOOG) na Nasdaq, de 03-ago-2009 a 30-nov-2009 (84 pregões). Objetivo: prever os 21 pregões de dezembro de 2009.
B5: (a) Previsão pelo método de Holt e escolha inicial de α e β
B6: Nível: L(t) = α·Y(t) + (1−α)·[L(t−1)+T(t−1)] Tendência: T(t) = β·[L(t)−L(t−1)] + (1−β)·T(t−1) Previsão: F(t+m) = L(t) + m·T(t)
B7: Inicialização: L(1) = Y(1) = 452,21 (preço de 03-ago-2009) e T(1) = 0. Não há previsão para t = 1, de modo que os erros são medidos de t = 2 a t = 84 — 83 erros.
C8: α | D8: β
B9: Valores iniciais adotados: | C9: =Holt_inicial!$F$16 | D9: =Holt_inicial!$F$17
B11: Justificativa (contexto do problema): preço diário de ação é uma série muito ruidosa, que incorpora rapidamente cada nova informação e se comporta quase como um passeio aleatório. Por isso adotou-se α alto (0,8): o nível deve acompanhar de perto o último preço observado, e não uma média longa do passado. Já a tendência de uma ação é fraca e instável — o que sobe hoje pode cair amanhã —, então adotou-se β baixo (0,1), para que oscilações diárias não sejam interpretadas como mudança de tendência e amplificadas na previsão.
B12: A previsão para dezembro/2009 está na coluna G da aba "Holt" (linhas 104 a 124): F(84+m) = L(84) + m·T(84), com m = 1 a 21 pregões. O gráfico da aba "Gráfico" mostra a série observada e a previsão.
B14: (b) Indicadores de erro
B15: Erro de previsão: e(t) = Y(t) − F(t), sempre de 1 passo à frente, sobre os 83 pregões previstos dentro da amostra.
B17: Conjunto de parâmetros | C17: α | D17: β | E17: MAD | F17: MAPE | G17: MSE | H17: RMSE | I17: MPE
B18: (a) Valores iniciais | C18: ='Holt_inicial'!$F$16 | D18: ='Holt_inicial'!$F$17 | E18: ='Holt_inicial'!$J$20 | F18: ='Holt_inicial'!$K$20 | G18: ='Holt_inicial'!$L$20 | H18: ='Holt_inicial'!$M$20 | I18: ='Holt_inicial'!$N$20
B19: (c) Valores otimizados | C19: ='Holt'!$F$16 | D19: ='Holt'!$F$17 | E19: ='Holt'!$J$20 | F19: ='Holt'!$K$20 | G19: ='Holt'!$L$20 | H19: ='Holt'!$M$20 | I19: ='Holt'!$N$20
B20: Redução do erro (a) → (c) | E20: =1-E19/E18 | F20: =1-F19/F18 | G20: =1-G19/G18 | H20: =1-H19/H18
B22: MAD = média de |e(t)|, em US$. MAPE = média de |e(t)/Y(t)|, em %. MSE = média de e(t)², que pune mais os erros grandes. RMSE = √MSE, de volta à escala de US$. MPE = média de e(t)/Y(t): mede viés — próximo de zero indica que o modelo não erra sistematicamente para cima nem para baixo.
B23: Com os valores iniciais o modelo já erra pouco: o MAPE fica abaixo de 1%, ou seja, o erro típico de um dia para o outro é da ordem de 1% do preço da ação. O MPE praticamente nulo confirma a ausência de viés.
B25: (c) Otimização de α e β
B26: Critério: minimizar o MSE (célula L20 da aba "Holt") — é o indicador que penaliza mais os erros grandes e o usual em Solver. Solver: Definir Objetivo = L20; Para = Mín.; Células Variáveis = F16:F17; Restrições: F16 ≤ 1, F16 ≥ 0, F17 ≤ 1, F17 ≥ 0; Método = GRG Não Linear.
B28: α ótimo | C28: =Holt!$F$16
B29: β ótimo | C29: =Holt!$F$17
B31: Leitura do resultado: α converge para o limite superior (1,00). Isso significa que a melhor estimativa do nível é simplesmente o último preço de fechamento observado — nenhuma média dos preços anteriores melhora a previsão. É exatamente o comportamento de um passeio aleatório, coerente com a hipótese de mercado eficiente: toda a informação passada já está no preço de hoje.
B32: β ótimo é muito baixo (≈ 0,02): a tendência é atualizada devagar, funcionando como um "drift" médio suave em vez de reagir à variação de cada pregão. Isso confirma a intuição usada no item (a) — α alto e β baixo —, só que em grau ainda mais extremo. O ganho da otimização, porém, é modesto (ver linha 20): a escolha inicial já era boa.
B34: (d) Valorização esperada — compra no fim de novembro, venda no fim de dezembro
B36: Preço de compra em 30-nov-2009 (Y(84)) | C36: =Holt!$C$103
B37: Nível final L(84) | C37: =Holt!$E$103
B38: Tendência final T(84), em US$/pregão | C38: =Holt!$F$103
B39: Horizonte até 30-dez-2009, m (pregões) | C39: =Holt!$B$124-Holt!$B$103
B40: Previsão para 30-dez-2009 = L(84) + m·T(84) | C40: =Holt!$G$124
B41: Ganho esperado por ação (US$) | C41: =C40-C36
B42: Valorização esperada (%) | C42: =C40/C36-1
B44: Resposta: a melhor estimativa pontual é uma valorização de cerca de 5,3% no mês (de US$ 583,00 para aproximadamente US$ 613,82, um ganho de cerca de US$ 30,82 por ação). Ela vem inteiramente do termo de tendência: o nível previsto é o próprio preço de 30-nov e o modelo apenas projeta 21 vezes o drift de ≈ US$ 1,47 por pregão estimado ao fim da amostra.
B46: Ressalva sobre a incerteza dessa estimativa
B47: RMSE de 1 passo à frente (US$) | C47: =Holt!$M$20
B48: Incerteza aproximada em 21 pregões = RMSE·√m (US$) | C48: =C47*SQRT(C39)
B49: Faixa aproximada de ±1 desvio — limite inferior (US$) | C49: =C40-C48
B50: Faixa aproximada de ±1 desvio — limite superior (US$) | C50: =C40+C48
B52: Como α = 1 torna o modelo um passeio aleatório com drift, o erro acumulado cresce com a raiz do horizonte. Projetando o RMSE diário para 21 pregões, a incerteza fica da ordem de US$ 28 — quase do tamanho do ganho previsto de US$ 30,84. Ou seja: a estimativa pontual é de alta de ≈ 5,3%, mas a apenas um desvio-padrão o preço de 30-dez já cobriria uma faixa larga, e a dois desvios incluiria prejuízo.
B53: Conclusão para o investidor: o método de Holt aponta valorização de cerca de 5% em dezembro, o que sustenta a decisão de comprar, mas o próprio ajuste do modelo (α = 1) mostra que a série se comporta como passeio aleatório — a tendência extrapolada é a única fonte do ganho previsto e não é estatisticamente distinguível do ruído nesse horizonte. A previsão deve ser usada como cenário central, não como garantia de retorno.
B55: Observação: todos os números desta aba são fórmulas ligadas às abas "Holt" (α e β otimizados) e "Holt_inicial" (α e β do item a). Alterar F16/F17 em qualquer uma das abas atualiza automaticamente esta página.

Sheet Holt_inicial
E16: Alfa | F16: 0.8 | G16: ← células de entrada (variáveis do Solver)
E17: Beta | F17: 0.1 | J17: ERROS
A18: Item (a) — mesmo modelo da aba "Holt" com os valores INICIAIS de α e β (antes da otimização).
A19: Datas | B19: t | C19: Preço (US$) | G19: L+T (previsão) | H19: Erro (e) | I19: Erro % (PE) | J19: MAD | K19: MAPE | L19: MSE | M19: RMSE | N19: MPE
A20: 40028 | B20: 1 | C20: 452.21 | E20: =C20 | F20: 0 | J20: =SUMPRODUCT(ABS(H21:H103))/COUNT(H21:H103) | K20: =SUMPRODUCT(ABS(I21:I103))/COUNT(I21:I103) | L20: =SUMSQ(H21:H103)/COUNT(H21:H103) | M20: =SQRT(L20) | N20: =AVERAGE(I21:I103)
A21: 40029 | B21: 2 | C21: 453.73 | E21: =$F$16*C21+(1-$F$16)*(E20+F20) | F21: =$F$17*(E21-E20)+(1-$F$17)*F20 | G21: =E20+F20 | H21: =C21-G21 | I21: =H21/C21
A22: 40030 | B22: 3 | C22: 451.14 | E22: =$F$16*C22+(1-$F$16)*(E21+F21) | F22: =$F$17*(E22-E21)+(1-$F$17)*F21 | G22: =E21+F21 | H22: =C22-G22 | I22: =H22/C22
A23: 40031 | B23: 4 | C23: 450.36 | E23: =$F$16*C23+(1-$F$16)*(E22+F22) | F23: =$F$17*(E23-E22)+(1-$F$17)*F22 | G23: =E22+F22 | H23: =C23-G23 | I23: =H23/C23
A24: 40032 | B24: 5 | C24: 457.1 | E24: =$F$16*C24+(1-$F$16)*(E23+F23) | F24: =$F$17*(E24-E23)+(1-$F$17)*F23 | G24: =E23+F23 | H24: =C24-G24 | I24: =H24/C24
A25: 40035 | B25: 6 | C25: 456.61 | E25: =$F$16*C25+(1-$F$16)*(E24+F24) | F25: =$F$17*(E25-E24)+(1-$F$17)*F24 | G25: =E24+F24 | H25: =C25-G25 | I25: =H25/C25
A26: 40036 | B26: 7 | C26: 453.94 | E26: =$F$16*C26+(1-$F$16)*(E25+F25) | F26: =$F$17*(E26-E25)+(1-$F$17)*F25 | G26: =E25+F25 | H26: =C26-G26 | I26: =H26/C26
A27: 40037 | B27: 8 | C27: 458.58 | E27: =$F$16*C27+(1-$F$16)*(E26+F26) | F27: =$F$17*(E27-E26)+(1-$F$17)*F26 | G27: =E26+F26 | H27: =C27-G27 | I27: =H27/C27
A28: 40038 | B28: 9 | C28: 462.28 | E28: =$F$16*C28+(1-$F$16)*(E27+F27) | F28: =$F$17*(E28-E27)+(1-$F$17)*F27 | G28: =E27+F27 | H28: =C28-G28 | I28: =H28/C28
A29: 40039 | B29: 10 | C29: 460 | E29: =$F$16*C29+(1-$F$16)*(E28+F28) | F29: =$F$17*(E29-E28)+(1-$F$17)*F28 | G29: =E28+F28 | H29: =C29-G29 | I29: =H29/C29
A30: 40042 | B30: 11 | C30: 444.89 | E30: =$F$16*C30+(1-$F$16)*(E29+F29) | F30: =$F$17*(E30-E29)+(1-$F$17)*F29 | G30: =E29+F29 | H30: =C30-G30 | I30: =H30/C30
A31: 40043 | B31: 12 | C31: 445.28 | E31: =$F$16*C31+(1-$F$16)*(E30+F30) | F31: =$F$17*(E31-E30)+(1-$F$17)*F30 | G31: =E30+F30 | H31: =C31-G31 | I31: =H31/C31
A32: 40044 | B32: 13 | C32: 443.97 | E32: =$F$16*C32+(1-$F$16)*(E31+F31) | F32: =$F$17*(E32-E31)+(1-$F$17)*F31 | G32: =E31+F31 | H32: =C32-G32 | I32: =H32/C32
... A103: 40147 | B103: 84 | C103: 583 | E103: =$F$16*C103+(1-$F$16)*(E102+F102) | F103: =$F$17*(E103-E102)+(1-$F$17)*F102 | G103: =E102+F102 | H103: =C103-G103 | I103: =H103/C103
A104: 40148 | B104: 85 | G104: =$E$103+(B104-$B$103)*$F$103
A105: 40149 | B105: 86 | G105: =$E$103+(B105-$B$103)*$F$103
A106: 40150 | B106: 87 | G106: =$E$103+(B106-$B$103)*$F$103
A107: 40151 | B107: 88 | G107: =$E$103+(B107-$B$103)*$F$103
A108: 40154 | B108: 89 | G108: =$E$103+(B108-$B$103)*$F$103
A109: 40155 | B109: 90 | G109: =$E$103+(B109-$B$103)*$F$103
A110: 40156 | B110: 91 | G110: =$E$103+(B110-$B$103)*$F$103
A111: 40157 | B111: 92 | G111: =$E$103+(B111-$B$103)*$F$103
A112: 40158 | B112: 93 | G112: =$E$103+(B112-$B$103)*$F$103
A113: 40161 | B113: 94 | G113: =$E$103+(B113-$B$103)*$F$103
A114: 40162 | B114: 95 | G114: =$E$103+(B114-$B$103)*$F$103
A115: 40163 | B115: 96 | G115: =$E$103+(B115-$B$103)*$F$103
... A124: 40177 | B124: 105 | G124: =$E$103+(B124-$B$103)*$F$103
